{"max": [0.0805119, 0.305614, -0.0514616], "centroid": [-4.35097504159722e-05, 0.18226161863560714, -0.13199866206322788], "id": "470392ec218fb13d63d977b06bbd429d", "numVertices": 1202, "min": [-0.0805119, 0.0, -0.212485]}
