{"max": [2.3, 0.85, 1.3], "centroid": [1.1469820025974027, 0.5563743116883125, 0.6515157376623348], "id": "db6561b883e56b9072c6d81e4b9f21e4", "numVertices": 770, "min": [0.0, 0.0, 0.0]}
