{"max": [-2.11716, 2.1336, 2.2652], "centroid": [-5.189281799758037, 1.306773895946751, 1.50339328266782], "id": "1bdb9df06d749be1a7146643e6b355e4", "numVertices": 6612, "min": [-8.26396, 0.0, 0.741855]}
