{"max": [3.90519, 2.46939, -1.39605], "centroid": [1.5403948602150541, 1.8701803225806435, -3.8134265591397853], "id": "33c4c7c47b8874123c8f5d3bbb1a3215", "numVertices": 93, "min": [-0.806007, 0.0, -6.10725]}
