{"max": [0.568761, 1.29583, 0.54787], "centroid": [-0.004857618521779496, 0.7759471587857057, -0.02086638029333096], "id": "4d054c0a0c2fd8e4503adffe35460705", "numVertices": 10574, "min": [-0.57857, 0.0, -0.589992]}
