{"max": [1.40708, 0.81, -0.786343], "centroid": [0.7070788900000005, 0.46733333333333327, -1.186343433333333], "id": "5e3ad0f79dc0c429bc8967b0321bd9d2", "numVertices": 60, "min": [0.00707995, 0.0, -1.58634]}
