{"max": [0.0, 0.45, 0.45], "centroid": [-0.22525, 0.19909999999999994, 0.22500000000000003], "id": "995f33073ca76ab69856fa70a578baeb", "numVertices": 36, "min": [-0.45, 0.0, 0.0]}
