{"max": [10.7349, 4.78881, 0.180319], "centroid": [10.066042965964346, 2.2619580777957893, -0.49676072084278805], "id": "fe5561103c4e12864725f67267e31c89", "numVertices": 617, "min": [9.38074, 0.127512, -1.17383]}
