{"max": [0.495767, 0.0, 0.495767], "centroid": [5.803030303010769e-06, -0.5290909090909085, 1.024772727271969e-05], "id": "1aed00532eb4311049ba300375be3b4", "numVertices": 264, "min": [-0.495767, -1.17, -0.495767]}
