{"max": [0.496935, 0.733998, 0.289793], "centroid": [0.007233333622936504, 0.12053324724239761, 0.036806616854908894], "id": "ff9bb9597cac5ef17a50afc9c93f8a50", "numVertices": 1151, "min": [-0.503063, 0.0, -0.216615]}
