{"max": [0.467504, 0.399642, 0.43084], "centroid": [-0.11771890571129068, 0.2638915594204851, 0.10111223446685882], "id": "e2a2fe3713803e9e04e2b29e7a72f7", "numVertices": 3817, "min": [-0.703011, 0.000278232, -0.223837]}
