{"max": [0.157347, 0.832634, 0.196039], "centroid": [-0.084719012645843, 0.3789128665800766, 0.015097861868415729], "id": "4ed93b27b2b1ae4a17d01689ded74b74", "numVertices": 16265, "min": [-0.311659, -0.00305588, -0.321061]}
