{"max": [0.0, 0.4572, 0.0], "centroid": [-0.22859983461538466, 0.27830084615384637, -0.22860003076923074], "id": "5aef22f5441b495d19fb4103277a6b93", "numVertices": 104, "min": [-0.4572, 0.0, -0.4572]}
