{"max": [1.63574, 4.1564, 1.63574], "centroid": [2.3006494844301715e-17, 2.227913662059233, 4.7244912495591193e-17], "id": "256b66cbb1bd1c88b2cb9dff9356b165", "numVertices": 1418, "min": [-1.63574, -0.0211522, -1.63574]}
