{"max": [1.43151, 7.50986, 1.43151], "centroid": [0.0, 6.6558722044728205, 4.664355518792591e-17], "id": "5e2c558555092b706e30831c34845769", "numVertices": 313, "min": [-1.43151, 5.90274, -1.43151]}
