{"max": [0.10089, 0.2032, 0.10089], "centroid": [4.298429851977929e-19, 0.13987539823008868, 1.2281228148508369e-19], "id": "5e914dd726313181b1b4b514128408b0", "numVertices": 113, "min": [-0.10089, 0.0, -0.10089]}
