{"max": [0.9144, 0.762, 0.0], "centroid": [0.4572000000000003, 0.40075555555555553, -0.45720000000000005], "id": "1a96d308eef57195efaa61516f88b67", "numVertices": 36, "min": [0.0, 0.0, -0.9144]}
