{"max": [1.53873, 0.8128, -0.242075], "centroid": [0.9295244932395893, 0.25761367649540323, -0.6232809594375357], "id": "189f519f6cb7b8c516fdce62f5c06e29", "numVertices": 1849, "min": [0.319526, 0.00346329, -1.00408]}
