{"max": [0.10671, 0.937601, 0.425425], "centroid": [-0.2777244707746912, 0.6691552561728372, 0.11497040780547838], "id": "4c9e762d331457997ed8de38e968d714", "numVertices": 1296, "min": [-0.662159, 0.0, -0.195484]}
