{"max": [0.366428, 1.59212, 0.187573], "centroid": [0.17146788270833305, 1.2388811607142824, -7.65354166666665e-05], "id": "8fb8d64e04e0be16a383bc0337fb2972", "numVertices": 336, "min": [-0.0188015, 0.0, -0.194149]}
