{"max": [10.9024, 2.77776, 12.8529], "centroid": [5.914870320474781, 1.3319848308605315, 7.865329376854602], "id": "aeec00d8dd6e196451a2ad3de1977657", "numVertices": 674, "min": [0.927328, 0.0, 2.87779]}
