{"max": [-2.9138, 1.02, -2.86491], "centroid": [-3.263799999999996, 0.5273684210526317, -3.2154363157894714], "id": "68bdc363716f181c61b4bfc684868124", "numVertices": 76, "min": [-3.6138, 0.0, -3.56491]}
