{"max": [0.55, 0.45, 0.55], "centroid": [0.27499999999999997, 0.21000000000000005, 0.2749999999999999], "id": "4ba447371db8c37c74739c2c9ecfb3ee", "numVertices": 32, "min": [0.0, 0.0, 0.0]}
