{"max": [0.0, 0.73, 0.9], "centroid": [-0.899999886490067, 0.28849463428993305, 0.45000036715967406], "id": "d81df8f708d4360c5e05d85b12fbe60c", "numVertices": 5436, "min": [-1.8, 0.0, 0.0]}
