{"max": [0.0, 0.76, 0.91397], "centroid": [-0.6530549898167055, 0.7108532464358447, 0.4505092024765794], "id": "3b57aa434803b0ec189c2d5c093a2652", "numVertices": 491, "min": [-1.3, -0.01, -0.0139696]}
