{"max": [0.826814, 3.00945, 0.826814], "centroid": [0.000321615745156004, 1.5585190803338296, 0.0003216157451559933], "id": "569b55cfce8c4d15b136b011ae1ece0c", "numVertices": 2037, "min": [-0.826814, 0.0, -0.826814]}
