{"max": [0.452586, 0.976417, 0.228874], "centroid": [0.05424770937333329, 0.5799368680000009, -0.16946363594666677], "id": "c9f017cf330911ab1fc611122dc20c0a", "numVertices": 600, "min": [-0.34409, 0.0, -0.567802]}
