{"max": [8.79302, 2.61258, 1.31846], "centroid": [4.5261268452857415, 1.1994554520412444, -0.009998526952436016], "id": "1b73a0ff61df00c5a1cccbba517add5e", "numVertices": 10680, "min": [-0.33609, 0.0, -4.07777]}
