{"max": [1.4, 0.739, 0.0], "centroid": [0.7034817022242803, 0.5144401811862845, -0.39357606367006287], "id": "6e8d22c6e069b71965b77a565916c7f", "numVertices": 2158, "min": [0.0, 0.0, -0.8]}
