{"max": [0.197337, 0.218384, -1.2471], "centroid": [0.15682202403846204, 0.1029458846153847, -1.2876298878205124], "id": "2ebd0fb6ed39fcaeb72e05c63385c6b5", "numVertices": 624, "min": [0.116308, -0.005216, -1.32813]}
