{"max": [1.9188, 0.8489, -0.341749], "centroid": [1.2188031293103503, 0.6604293517241357, -0.7665181844827574], "id": "67d11f49bb73a66535836c728d324152", "numVertices": 580, "min": [0.518804, 0.0726718, -1.19175]}
