{"max": [25.466, 16.3485, 25.466], "centroid": [2.176747671001067e-15, 5.711431679999943, 4.6071590986684894e-15], "id": "782aa72e7f14975b39d764edb37837d3", "numVertices": 2500, "min": [-25.466, 0.0, -25.466]}
