{"max": [-2.04275, 0.547391, -1.5062], "centroid": [-2.201365905122234, 0.36367171005238497, -1.6648117229336492], "id": "d7c1b9b30600ae252a6759f6ef8e2848", "numVertices": 3436, "min": [-2.35998, 0.0, -1.82343]}
