{"max": [0.5538, 1.8039, 0.5538], "centroid": [1.474514954580286e-17, 0.8277083333333333, 1.594981862634231e-17], "id": "4f52256337d0d4a4c6e7cc40a98a4ef5", "numVertices": 576, "min": [-0.5538, 0.0, -0.5538]}
