{"max": [0.637072, 1.69215, 0.650535], "centroid": [3.302722956550809e-19, 0.8365762297482799, 0.013263357894736831], "id": "477932969f473792433f5a7a254e9685", "numVertices": 2185, "min": [-0.637072, 0.03509, -0.623608]}
