{"max": [3.93889, -0.761437, 0.0], "centroid": [2.887012954324585, -0.8392666329769948, -0.5157515998898585], "id": "9b923ffa07f51fab2032a1fc189d2617", "numVertices": 3087, "min": [1.83908, -1.53144, -1.04999]}
