{"max": [0.100372, 0.252413, 0.100372], "centroid": [1.5265566588595903e-18, 0.15554330800000002, -6.753856733136369e-18], "id": "b59f693b45f636d54c6c80caaf15808d", "numVertices": 600, "min": [-0.100372, 0.0, -0.100372]}
