{"max": [0.00803905, 1.04173, 0.785768], "centroid": [-0.3762818757522125, 0.3753755778761054, 0.4050731681415927], "id": "658138c87c9184f279368d1198f406e7", "numVertices": 113, "min": [-0.753961, 0.0, 0.0237678]}
