{"max": [1.85597, 0.746541, 0.738735], "centroid": [1.205855265330905, 0.6733314681238627, 0.7128033266725243], "id": "1c123801cd052c833bd248747cb27ae2", "numVertices": 4941, "min": [0.554217, 0.0, 0.00061402]}
