{"max": [0.127411, 0.0738188, 0.000411429], "centroid": [1.81841627525639e-18, 0.04239540710526321, -0.1270000119081138], "id": "960c5c5bff2d3a4bbced73c51e99f8b2", "numVertices": 912, "min": [-0.127411, 0.0, -0.254411]}
