{"max": [-0.0316155, 0.775913, 5.64666], "centroid": [-0.5634566860995858, 0.13548498250207505, 5.113592323651442], "id": "c72f97d0b25e030db0892e337a99f42d", "numVertices": 964, "min": [-1.09642, 0.000603529, 4.57995]}
