{"max": [2.84193, 10.51, -24.0989], "centroid": [-9.681953610239331e-17, 7.858653252385081, -26.94080121422372], "id": "bd96246be9854deedfd64b437f0ace42", "numVertices": 1153, "min": [-2.84193, -0.4474, -29.7827]}
