{"max": [0.705018, 2.07225, 0.757724], "centroid": [-0.03793178444444441, 1.2946982500000002, 0.01477390972222222], "id": "4d53bcb8348292d4b4be5695ea899000", "numVertices": 720, "min": [-0.780882, 0.0, -0.728176]}
