{"max": [4.08547, 2.42328, -1.27122], "centroid": [3.4512326388888908, 1.1607684615384588, -1.9054579487179473], "id": "be28bf161b022a1c178bbb7623060b16", "numVertices": 936, "min": [2.81699, 0.177921, -2.5397]}
