{"max": [0.170746, 0.532951, 0.21228], "centroid": [-0.018690180902081296, 0.19036916259662967, 0.022676402804757138], "id": "386a6dffaef80143fa0d49b618d792ba", "numVertices": 1009, "min": [-0.209076, 0.0, -0.167541]}
