{"max": [0.22225, 0.64135, 0.22225], "centroid": [-2.7117516406074227e-18, 0.3488675000000001, 6.791342711697707e-17], "id": "4d392c12240cfe352150a45ec52bcbd7", "numVertices": 696, "min": [-0.22225, -0.0127, -0.22225]}
