{"max": [1.25887, 1.32075, 1.25887], "centroid": [0.0012629195114814123, 0.662165450000001, 0.011482834886481302], "id": "3152c7a0e8ee4356314eed4e88b74a21", "numVertices": 320, "min": [-1.25887, 0.064843, -1.25887]}
