{"max": [1.02108, 0.40492, 0.6096], "centroid": [0.5103295543250072, 0.22927462680976532, 0.3050887883806997], "id": "97610f0edc786956d5cc62720ec8273c", "numVertices": 16027, "min": [0.0, 0.0, 0.0]}
