{"max": [0.0, 0.84, 0.0], "centroid": [-0.9998493975903613, 0.5346987951807222, -0.5042168674698795], "id": "685b5890e66bd010dcba2d9cc78a3a32", "numVertices": 166, "min": [-2.0, 0.0, -1.0]}
