{"max": [0.16278, 0.463237, -0.0319625], "centroid": [0.05708774925248229, 0.2844164707446802, -0.1377060289671986], "id": "b22a31918c21981a275d003e423c59ba", "numVertices": 4512, "min": [-0.0486768, 0.0, -0.24342]}
