{"max": [0.0149064, 0.715012, 0.801653], "centroid": [-0.6648582038057375, 0.6311067736842094, 0.39882950372724785], "id": "95301825e69b3b2db04cb542e2c50eb4", "numVertices": 760, "min": [-1.34462, 0.0, -0.00399415]}
