{"max": [1.87976, 0.635436, 2.41173], "centroid": [1.580662129629629, 0.2962016644444445, 2.1126284876543195], "id": "85ad6844a52ec08cdf7d84aa9195db06", "numVertices": 648, "min": [1.28156, 0.0, 1.81353]}
