{"max": [1.1684, 0.381, 0.0], "centroid": [0.5841373265217403, 0.24064695652173948, -0.3365500046449278], "id": "47e24c3995150688d810b14a81e12eca", "numVertices": 552, "min": [0.0, 0.0, -0.6731]}
