{"max": [-1.18525, 0.849675, -2.13783], "centroid": [-2.080182440476192, 0.3991252999999997, -3.032767619047621], "id": "a0ac0c76dbb4b7685430c0f7a585e679", "numVertices": 336, "min": [-2.97512, 0.0, -3.9277]}
