{"max": [2.17045, 0.879971, -0.391938], "centroid": [1.3704531396551707, 0.6915002896551712, -0.8167076379310347], "id": "352be15a6b1439c135836c728d324152", "numVertices": 580, "min": [0.570454, 0.103743, -1.24194]}
