{"max": [0.0, 0.9652, 0.0], "centroid": [-0.5113189500000003, 0.6878033999999996, -0.17433635818181817], "id": "1c8121e1ad6cd6fc7a480f3f1d55ed3f", "numVertices": 220, "min": [-1.016, 0.0, -0.381]}
