{"max": [0.14385, 0.490583, 0.14385], "centroid": [1.1076545503056073e-18, 0.2472257596298438, -1.12370751480279e-19], "id": "9bbc7da5313433c4af93a86670701266", "numVertices": 1729, "min": [-0.14385, 0.0, -0.14385]}
