{"max": [-0.348489, 0.635, 1.05207], "centroid": [-0.7009368552631582, 0.4459417368421052, 0.7605139342105264], "id": "7d6102f23f51764d2ed4a731510fb423", "numVertices": 76, "min": [-1.05969, 0.0, 0.467869]}
