{"max": [-0.0916373, 0.023, -0.053833], "centroid": [-0.6755929426616926, -0.21845832771144283, -0.35924369191542355], "id": "1b6ea0e8c6785638ad8d9da81848733", "numVertices": 804, "min": [-1.29164, -0.301342, -0.653833]}
