{"max": [0.0, 0.734, 0.864448], "centroid": [-0.8926362114869244, 0.39064504654858384, 0.43702510973100944], "id": "a0745770bc3d12477b11ae648ea92233", "numVertices": 1606, "min": [-1.9602, -5.96046e-08, 0.0]}
