{"max": [1.0922, 0.8128, 0.050379], "centroid": [0.5461000075, 0.63754, -0.383337965], "id": "82a60a0aaec8d532150d30262f9b49dc", "numVertices": 80, "min": [0.0, 0.0, -0.811275]}
