{"max": [0.1524, 0.762, 0.889], "centroid": [-0.9143999220779226, 0.5402737662337663, 0.38099999220779246], "id": "48a944dc8751ca7531370540942e6ad", "numVertices": 154, "min": [-1.9812, 0.0, -0.127]}
