{"max": [-0.32483, 0.615, 0.899075], "centroid": [-0.8270072910052918, 0.46102118518518526, 0.5984401005291002], "id": "79eb4b57cbd73e117e2e50070ddfd27c", "numVertices": 189, "min": [-1.32483, 0.0, 0.299075]}
