{"max": [0.0, 0.018, 0.8], "centroid": [-0.39812246025641007, -0.2928204641025643, 0.3995116025641025], "id": "de9b2870157cdba6f83df7938e45b43c", "numVertices": 156, "min": [-0.8, -0.728, 0.0]}
