{"max": [4.00045, 1.16442, 2.54977], "centroid": [2.3783939459752474, 0.4903950609447799, 1.6640468622089062], "id": "1ad672c0a138f8ffe286a7dded929c2a", "numVertices": 3006, "min": [0.0, 0.0, 0.0]}
