{"max": [6.55728, 4.21, 10.4911], "centroid": [2.605210116564417, 2.0755246932515306, 8.648279110429455], "id": "96106df7b7d1ca5dfaeb9da29098949", "numVertices": 652, "min": [0.695609, 0.0, 6.80779]}
