{"max": [1.68803, 0.7493, 0.0846907], "centroid": [0.8511732434661723, 0.3485972470559132, -0.45155073118405825], "id": "b9089b8cf70c95e1f4b6538438a0b930", "numVertices": 3237, "min": [0.0108822, 0.0, -0.982853]}
