{"max": [0.4587, 0.7489, 0.46845], "centroid": [0.11796648265864358, 0.2685590503282269, 0.17650318052516428], "id": "ec3f93916a91e386c29f1e5c35eaaf93", "numVertices": 1828, "min": [-0.1529, 0.0, -0.15805]}
