{"max": [0.002479, 0.113867, 0.138993], "centroid": [-0.049521646534653796, 0.05839909405940715, 0.08699277856435514], "id": "4fbe0133d0df10ef5636a727f8e7b7a", "numVertices": 20200, "min": [-0.101522, -0.006812, 0.034992]}
