{"max": [0.75, 0.73, 0.75], "centroid": [0.3749999754901962, 0.4982481470588233, 0.3749999754901961], "id": "16961ddf69b6e91ea8ff4f6e9563bff6", "numVertices": 408, "min": [0.0, 0.0, 0.0]}
