{"max": [1.09946, 0.76835, 0.582704], "centroid": [0.4924990989295747, 0.658803081761006, -0.02425506050065782], "id": "b41f2b0ec15892e3153afb488ead2325", "numVertices": 159, "min": [-0.109311, 0.0, -0.626065]}
