{"max": [0.00301221, 0.0396875, -0.0175413], "centroid": [-0.06145428813505753, 0.018281966235632243, -0.08035854281609203], "id": "ab2fd38fc4f37cce86bbb74f0f607cdd", "numVertices": 348, "min": [-0.122437, 0.0, -0.142991]}
